Topic 0, just like didn clown let don time going wasn did
Topic 1, clown clowns police children sightings reports evil oct local pennywise
Topic 2, ago months clown point people just school comments clowns video
Topic 3, greenville clown said clowns children deputies county apartments police woods
Topic 4, clowns people creepy like fear really time creepiness said don
Topic 5, clown police reports reported wearing sept woman dressed person mask
Topic 6, said police monday reading mask street victim wearing tuesday incident
Topic 7, said henry house clown just dude ronald fucking party parents
Topic 8, clown clowns state penn people students campus twitter reports said
Topic 9, ago months clown machete just point deleted good kids like
Topic 10, news county add police office sheriff com sponsored site facebook
Topic 11, clown said 2016 police clowns threats october children sightings girl
Topic 12, woods clowns report told deputy saw children said according clown
Topic 13, clown said event threats march matter lives creepy tucson canceled
Topic 14, clown says people sightings scary year hysteria creepy media just
Topic 15, clowns clown circus people king jester clowning anxiety trump hysteria
Topic 16, school threats schools threat media social county students said clown
Topic 17, said clowns clown people school flomo police woods told old
Topic 18, people clowns reports uk clown sightings 10 police including trend
Topic 19, clown town night like school clowns wasn got eyes wanted
